Customer_Id,First_Name,Last_Name,Email,Company,Phone,Address,City,Country,Zip
7833,Burton,Boyer,lectus@Aliquamauctor.org,Proin Sed Turpis Inc,16730528 1953,607-8807 Id Rd.,Burns Lake,Iraq,31707
9164,Dorothy,Combs,malesuada.id@dictum.net,Ornare Lectus Justo Foundation,16040404 8399,472-9664 Quis Ave,Chicoutimi,Comoros,900187
1694,Idola,Sanchez,Nunc.mauris@liberoProin.org,Lacus Vestibulum Industries,16890110 8830,P.O. Box 443 1388 Curabitur Avenue,Dhuy,Malta,24584
1046,Kylee,Buchanan,gravida.sagittis@utipsumac.ca,Vel Nisl Quisque LLP,16460130 9240,199-9873 Cursus Ave,Rochester,Turkey,550691
2844,Jack,Mullins,felis@massaMaurisvestibulum.net,Velit Sed Incorporated,16310720 1414,4771 Cursus Rd.,Moradabad,Mayotte,70004
274,Kermit,Duncan,nulla.vulputate.dui@scelerisque.co.uk,Semper Dui Lectus Corp,16110502 0281,467-4137 Sapien Rd.,Bad Neuenahr-Ahrweiler,Congo Brazzaville,8774
1644,Connor,Hart,ornare@mauris.edu,Non Institute,16610724 4227,P.O. Box 654 1965 Diam St.,Topeka,Botswana,63508
6294,Maxine,Cochran,nunc@rutrum.org,Porttitor Vulputate PC,16760911 1104,1462 Ut St.,Narcao,Monaco,94795
3659,Jessamine,Downs,dolor@ligulaAliquam.net,Pellentesque PC,16210127 0623,7511 Vel Rd.,Rocca San Felice,Nigeria,19108
4629,Micah,Roach,molestie.orci.tincidunt@loremauctorquis.ca,Fusce Mollis PC,16500303 0029,720-8522 Interdum Rd.,Inuvik,Netherlands,1077
5068,Aurelia,Palmer,ligula@rutrum.ca,Morbi LLC,16781028 1167,616-2909 Nibh. Rd.,Duque de Caxias,United States Minor Outlying Islands,528176
3620,Debra,Chapman,sit@eleifendnuncrisus.ca,Elit Fermentum Inc,16300323 3446,P.O. Box 187 422 Vivamus Av.,Arvier,Turkey,53452
2650,Chloe,Andrews,non@consectetuer.co.uk,Malesuada Ut Incorporated,16680719 3955,P.O. Box 612 109 Vulputate Road,Massa Martana,Guernsey,8875
4523,April,Cortez,sagittis.lobortis.mauris@rutrum.co.uk,Tellus Justo Sit Limited,16750904 1153,690-8531 Non Rd.,Torua,Costa Rica,35325
5134,Hashim,Hardin,et.eros.Proin@tempordiam.co.uk,Nulla Tincidunt Neque Associates,16981118 5066,P.O. Box 378 5002 Ipsum Street,Thalassery,Saint Lucia,24624
2453,Ashely,Christian,fermentum.metus@enimMauris.edu,Placerat Eget Venenatis Corporation,16510928 3902,P.O. Box 125 7984 Eleifend St.,Siena,Gabon,6926
6442,Daria,Briggs,diam.lorem@magnaaneque.ca,Turpis Institute,16180326 6665,581-246 At Av.,Seogwipo,Burkina Faso,937960
6382,Belle,Acosta,rutrum@eget.edu,Natoque Penatibus LLP,16821201 2077,364-3775 Velit Rd.,Premeno,Yemen,31643
1057,Arden,Hahn,vel.quam.dignissim@necenimNunc.com,Sed Ltd,16090128 4414,962-5882 Tincidunt Avenue,Contagem,Namibia,40417
9275,Sloane,Wells,purus@adipiscingelitEtiam.com,Eu Foundation,16461209 1878,2500 Ultrices Avenue,Rimouski,Bosnia and Herzegovina,6906
8257,Keane,Browning,imperdiet.ornare@Suspendisse.co.uk,Arcu Sed Eu Company,16911216 2848,883-1961 Nullam Road,St. Thomas,Namibia,90994
2749,Neville,Farrell,Nullam.lobortis@Craslorem.co.uk,Augue Inc,16780112 3592,P.O. Box 836 6344 Malesuada Avenue,Juneau,Hong Kong,74853
2695,Wynne,Schmidt,sit@montesnasceturridiculus.com,Rhoncus Id LLP,16260212 8833,P.O. Box 470 1635 In Rd.,Sint-Denijs-Westrem,New Caledonia,823960
1053,James,Boyd,amet@semper.edu,Consequat Company,16380814 2024,5504 Diam Ave,Lanaken,Gibraltar,5067
6492,Adrian,Atkins,purus.ac.tellus@massalobortis.ca,Et Pede Foundation,16290810 4645,P.O. Box 779 8933 Magna St.,Drayton Valley,aland Islands,2559
2605,Berk,Salas,ligula.Aenean.euismod@justo.com,Interdum Feugiat Sed Corp,16590626 1390,P.O. Box 424 4883 Donec Street,Torquay,Thailand,1904
2750,Emerald,Manning,Maecenas@eudui.edu,Accumsan Sed Consulting,16750120 6176,6167 Ut Road,Almer�a,Christmas Island,955042
1353,Herrod,Decker,augue@Etiam.com,Ut Company,16691203 8889,P.O. Box 814 419 Magna Street,Dortmund,Canada,82002
1190,Danielle,Lott,in@mauris.edu,Sollicitudin A Ltd,16191029 4980,P.O. Box 656 5446 Cursus St.,Angoulame,Monaco,77289
3385,Sonia,Myers,diam.Sed@fermentum.org,Morbi Quis Limited,16620110 2446,342-9192 Cursus Rd.,Girardot,Eritrea,27831