Employee_Id,First_Name,Last_Name,Email,Date_of_Joining,City,Country,Team,Phone,Salary
7734,Colette,Barr,vitae@condimentumDonec.com,1/28/2009,Colchester,Mongolia,Distribution,16610619 2799,18781
4150,Jamal,Barton,est.arcu.ac@mi.co.uk,9/14/2020,Fontanigorda,Malawi,RnD,16261209 3183,31997
4253,Wesley,Heath,imperdiet.non@dolordolortempus.org,10/8/2013,Autre-Eglise,Togo,Marketing,16120724 8533,23275
5844,Kelsie,Noble,at@loremut.ca,3/16/1993,Grande Prairie,Seychelles,Sales,16530930 0308,19380
7517,Eliana,Harris,in@ametrisusDonec.net,10/25/2016,Pollein,Guyana,IT,16530430 0063,62087
4938,Nathan,Odonnell,litora@musProin.com,4/28/2016,Cantalupo in Sabina,Egypt,Product,16350430 2278,74658
8004,Macaulay,Bright,dolor.quam@purusmauris.com,8/28/2018,Luttre,Oman,Finance,16200511 9314,63634
6747,Nathaniel,Price,malesuada@necmetus.edu,6/2/2020,Kaiserslauter,Central African Republic,Engineering,16761002 6036,36811
8605,Molly,Hardy,in@elit.ca,9/30/1990,Montoggio,Falkland Islands,Production,16900722 7748,34986
2057,August,Lamb,Nulla.interdum.Curabitur@disparturient.net,4/21/2015,Pitt Meadows,Mayotte,Accounting,16140316 8832,29714
7952,Harper,Hines,neque.tellus@interdumligula.com,8/1/2019,Jambi,Micronesia,Recruitment,16021024 5403,68075
9488,Richard,Craig,metus@Lorem.net,12/6/1990,Hall in Tirol,Germany,Purchasing,16821023 2529,23964
6003,Aphrodite,Lowery,ligula.Aenean@luctus.co.uk,8/13/1994,Worcester,Angola,Leadership,16690619 0951,57729
9790,Bruce,Daniels,montes.nascetur.ridiculus@egestas.ca,1/11/2018,Pietracatella,Oman,HR,16980720 7817,22531
7102,Colette,Buck,lacus.Quisque@dignissim.ca,4/25/1994,Follina,Gibraltar,Distribution,16941205 9058,59575
6424,Arden,Coffey,placerat@semegestas.com,5/7/2014,Bochum,Cameroon,RnD,16300304 3571,59456
6631,Luke,Levy,eros.nec.tellus@noncursusnon.com,9/30/2000,Starodub,Gabon,Marketing,16310202 8499,35487
8833,Ebony,Landry,Morbi@etmagnaPraesent.edu,1/28/2021,Lot,Iraq,Sales,16031213 2046,70858
6832,Alisa,Garcia,euismod.urna@et.edu,9/6/2005,Jaranwala,Dominica,IT,16390825 4679,21817
8600,Natalie,Blankenship,arcu.Curabitur@euturpis.com,5/24/2008,Lehrte,Sri Lanka,Product,16561208 5265,78871
1882,Joel,Matthews,sit@vel.net,10/20/2007,Fayetteville,Japan,Finance,16111123 6046,16592
1284,Ezekiel,Wiggins,eleifend@pedesagittis.edu,7/15/1996,Ercilla,Zambia,Engineering,16140105 9637,71467
2102,Illana,Little,arcu@tempus.org,2/7/2020,Fogo,Sri Lanka,Production,16581026 9232,35106
5115,William,Barber,vestibulum.Mauris.magna@rhoncusProin.ca,8/31/2017,Neder-Over-Heembeek,Fiji,Accounting,16230106 4180,55282
7630,Victor,Scott,semper@mi.net,2/13/2016,Brunn am Gebirge,Hong Kong,Recruitment,16780330 9116,13378
8404,Sean,Hayes,vestibulum@Sed.org,3/25/1995,Margate,Mayotte,Purchasing,16581015 2719,29928
7549,Lois,Castro,morbi.tristique.senectus@arcuimperdiet.ca,11/25/2003,Medemblik,Haiti,Leadership,16690914 8998,29090
4671,Lucius,Fletcher,a.malesuada.id@nuncac.net,7/28/2020,Nanaimo,Solomon Islands,HR,16490323 5648,46683
5403,Regan,Cleveland,ac.metus.vitae@veliteget.com,12/15/1995,Gulfport,Turkey,Accounting,16240505 8161,23172
7242,Chadwick,William,mi.tempor@acmattis.org,11/18/2002,Orosei,Nauru,Recruitment,16480927 9484,11279
2854,Hanae,Flynn,non.quam@magnaa.co.uk,5/22/1999,North Saanich,Martinique,Purchasing,16430102 3257,21944
9648,Molly,Garcia,semper.dui.lectus@Suspendissedui.edu,1/5/2018,Navsari,Guadeloupe,Leadership,16990817 7109,29617
8446,Evelyn,Burch,ac.mattis@Maecenasiaculis.com,9/14/2008,Oostkamp,Tonga,HR,16220829 0763,46214
8342,Hyatt,Cooke,tincidunt.dui@etlaciniavitae.net,8/3/2001,Mildura,Burkina Faso,Distribution,16691003 4914,33720
6082,Sacha,Kane,blandit.congue.In@Donec.ca,11/22/2016,Bala,Bermuda,RnD,16841004 6034,33631
3961,Cody,Guerrero,metus.In@sagittis.net,2/20/1993,Kapuskasing,Namibia,Marketing,16670709 4022,53448
1852,Lacy,Saunders,vulputate@dolorFusce.edu,12/31/2009,Mozhaysk,Tajikistan,Sales,16310102 2121,60995
2261,Charles,Ayala,venenatis@cubilia.net,10/9/2008,Ilkeston,Senegal,IT,16750808 8650,72663
6438,Gabriel,Moss,aliquet.libero@metus.edu,10/21/2005,Sclayn,Sint Maarten,Product,16390623 2826,31439
8604,Kirestin,Schultz,nunc@mauris.ca,2/12/1990,Holman,"Virgin Islands, United States",Finance,16731130 2173,29151
2477,Jeanette,Mathis,massa@magnis.org,6/27/1993,Pulle,Yemen,Engineering,16120125 0097,39123
9052,Merritt,Jacobson,enim.nec@Donecest.edu,4/21/2016,The Hague,Qatar,Production,16520717 0654,24098
1825,Aretha,Evans,nulla.In@imperdietdictummagna.net,6/19/1996,Marbella,Singapore,Accounting,16760907 0060,78582
8664,Selma,Barron,quis@fringilla.edu,9/2/2020,Gloucester,Azerbaijan,Recruitment,16410922 3505,73219
3786,Ronan,Cameron,Proin.non@metusvitae.org,7/10/2019,Preston,Sierra Leone,Purchasing,16351220 4540,31662
1561,Brock,Cooper,Sed@massaVestibulumaccumsan.org,3/23/2011,Florencia,Antigua and Barbuda,Leadership,16010820 4843,49430
4454,Claire,Rodriquez,placerat.velit@ipsumprimisin.org,2/25/2008,Hastings,Bahrain,HR,16390412 3704,44202
8750,Wyoming,Richards,montes.nascetur@eudoloregestas.ca,3/18/1992,Nurallao,Slovenia,Accounting,16850323 7326,21599
1479,Ivan,Harrison,Praesent@nuncest.net,4/27/1997,Seilles,Qatar,Recruitment,16651007 9335,42261
3153,Uta,Vega,scelerisque.neque.Nullam@id.edu,12/31/2014,Kirkcaldy,Uganda,Purchasing,16660528 1945,43481
6747,Baxter,Ellison,ipsum.Suspendisse.sagittis@metuseuerat.edu,4/9/1992,Linlithgow,Taiwan,Leadership,16960408 7438,39358
8790,Mona,Munoz,metus@euismodest.net,10/23/2007,Pratovecchio,Turkey,HR,16730430 1208,29479
1800,Seth,Monroe,Nunc@dignissim.net,5/16/2006,Cedar Rapids,American Samoa,Distribution,16820908 0186,59727
6421,Colette,Norton,erat.vel.pede@bibendum.org,1/29/2010,Juiz de Fora,Canada,RnD,16161009 0209,47552
7300,Hasad,Cherry,tempor.bibendum.Donec@per.edu,3/17/2021,Juazeiro,Sao Tome and Principe,Marketing,16230810 3288,38677
5396,Alexis,Potter,mauris@sit.edu,12/30/2019,Woodstock,Isle of Man,Sales,16220522 5366,76089
2515,Sonia,Bowman,mi.enim@lacusAliquamrutrum.org,6/17/2004,Nelson,Yemen,IT,16060618 2087,46595
2287,Jocelyn,Garcia,quis@vel.ca,1/14/2015,Ciudad Valles,Reunion,Product,16660326 0248,75469
8397,Eliana,Diaz,pede@lacusCrasinterdum.org,1/15/2005,Tank,Norfolk Island,Finance,16450517 7032,38229