Order_Id,Customer_Id,Customer,Phone,Email,Date_Paid,Subtotal,Taxes,Total
2014,7833,Boyer,16030611 7821,amet.orci.Ut@Intinciduntcongue.net,06/03/2011 12:24:38.345000,61883,497,62380
3552,9164,Combs,16810224 4913,turpis@estMauriseu.edu,09/20/1992 02:54:38.395000,33724,199,33923
8931,1694,Sanchez,16570114 3967,id.ante.dictum@ut.co.uk,05/10/2015 08:14:38.395000,8025,120,8145
7173,1046,Buchanan,16370516 8775,at@odioNam.net,04/15/2000 02:14:38.395000,21283,318,21601
7545,2844,Mullins,16960425 3964,scelerisque.mollis@Vestibulumanteipsum.org,01/04/2021 11:34:38.395000,51136,256,51392
6299,274,Duncan,16270523 2342,a.purus@Nuncsollicitudin.com,11/03/1997 19:22:38.395000,29734,265,29999
8579,1644,Hart,16960903 7727,Cras@Cumsociis.com,10/26/2005 02:38:38.395000,51137,116,51253
1239,6294,Cochran,16340924 8535,a.auctor.non@lorem.co.uk,08/20/2013 05:44:38.395000,13382,270,13652
3408,3659,Downs,16150713 3161,nulla.Cras.eu@arcu.edu,04/26/2015 08:58:38.395000,63938,201,64139
3142,4629,Roach,16930904 7778,vulputate.dui@quis.co.uk,06/11/2012 02:04:38.395000,40790,245,41035
2099,5068,Palmer,16530426 2164,Proin@quismassaMauris.ca,09/22/2002 02:14:38.395000,66841,478,67319
7358,3620,Chapman,16490816 0072,dictum.Phasellus.in@convallis.net,12/03/2015 02:24:38.395000,61145,263,61408
3747,2650,Andrews,16061229 0387,semper.dui.lectus@dapibusrutrumjusto.com,09/05/1994 02:24:38.395000,57418,392,57810
3376,4523,Cortez,16460915 0695,urna@euismod.net,04/02/2010 02:14:38.395000,29857,345,30202
9210,5134,Hardin,16501113 1280,quis@molestie.com,07/27/1996 02:24:38.395000,34153,302,34455
7847,2453,Christian,16360914 4047,at.risus@Classaptenttaciti.co.uk,07/04/2020 02:04:38.395000,75469,308,75777
8862,6442,Briggs,16050910 7058,Maecenas@ultricesVivamus.edu,11/03/1995 02:04:38.395000,41470,239,41709
1687,6382,Acosta,16880102 1117,egestas@eudoloregestas.com,12/04/2005 02:04:38.395000,78599,428,79027
6834,1057,Hahn,16160224 4095,tortor.nibh.sit@dis.edu,08/24/2013 02:04:38.395000,74844,242,75086
6479,9275,Wells,16780921 2249,egestas.a.dui@adipiscingenim.co.uk,12/17/1984 02:44:38.395000,31113,405,31518
3641,8257,Browning,16011209 4123,lacus@euismod.edu,10/02/1990 02:04:38.395000,37437,231,37668
8795,2749,Farrell,16040418 3360,hendrerit.id.ante@ridiculusmus.org,11/12/2008 02:04:38.395000,10019,432,10451
5825,2695,Schmidt,16490507 3302,a.odio.semper@arcuAliquamultrices.org,11/10/2002 02:04:38.395000,76833,319,77152
1274,1053,Boyd,16340315 3541,pede.nec@magna.net,08/03/2012 02:04:38.395000,27113,64,27177
6127,6492,Atkins,16630223 8867,dui@sedfacilisisvitae.ca,07/31/2004 02:04:38.395000,57981,242,58223
6110,2605,Salas,16511211 7006,Cras.vulputate.velit@amet.edu,09/10/2005 02:04:38.395000,43871,358,44229
6139,2750,Manning,16090627 0228,ipsum.Phasellus.vitae@elementumsemvitae.org,05/27/2018 02:44:38.395000,75236,166,75402
8238,1353,Decker,16731203 9378,vulputate.dui.nec@lectusante.ca,03/31/2000 02:04:38.395000,40560,359,40919
8086,1190,Lott,16621012 7723,tristique.pellentesque.tellus@sapiengravidanon.edu,09/07/2002 02:54:38.395000,15906,262,16168
2688,3385,Myers,16840815 6761,sit@sem.ca,05/18/1982 02:24:38.395000,53005,421,53426