Product_Id,Product,Brand,Manufacture_Date,Color
1940,Laptop,Asus,4/7/2018,Silver
5119,LCD TV,Sony,6/29/2018,Black
1992,Oven,Whirlpool,5/26/2019,White
1137,Keyboard,Logitech,10/24/2017,Blue
6284,Refrigerator,Godrej,11/19/2019,Red
2709,Laptop,Acer,5/23/2019,White
7524,Refrigerator,Whirlpool,1/26/2018,Black
2412,LED TV,LG,7/12/2019,Black
4628,Camera,Panasonic,1/8/2018,Silver
5905,Laptop,Lenovo,10/26/2019,Red
8173,Printers,HP,12/1/2019,Brown
3900,Plasma TV,Panasonic,1/6/2020,Black
4184,Washing Machine,Haier,6/15/2017,Purple
7091,Laptop,Apple,7/8/2019,Matte Black
9342,Refrigerator,Samsung,12/3/2017,Maroon
1850,Washing Machine,LG,4/27/2019,Red
4929,Laptop,Dell,2/28/2019,Blue
9521,Printers,Canon,1/22/2018,Blue
2383,Stabilizer,VGuard,1/22/2019,White
3880,Keyboard,HP,12/30/2019,White
6716,Washing Machine,Godrej,11/13/2019,Brown
4348,Stabilizer,Microtek,8/25/2017,Black
8935,Printers,Epson,11/30/2019,Purple
9177,Washing Machine,IFB,2/25/2018,Matte Black
2159,Refrigerator,Bosch,1/16/2018,Maroon
5301,Stabilizer,Monitor,4/26/2020,Red
3955,Washing Machine,Samsung,5/21/2019,Blue
4090,Keyboard,Intex,3/19/2017,Blue
1930,Printers,Samsung,10/8/2018,White
7148,Stabilizer,VGuard,4/4/2018,White
4457,Washing Machine,Midea,9/13/2019,Brown
2962,Stabilizer,Candes,8/27/2017,Black
7279,Keyboard,Microsoft,7/23/2019,Purple
2136,Printers,Brothers,4/27/2018,Matte Black
9700,Refrigerator,Videocon,5/21/2019,Maroon
4798,Washing Machine,Electrolux,4/3/2020,Red
6768,Stabilizer,Microtek,6/8/2018,Blue
5711,Keyboard,lenovo,2/24/2019,Blue
3133,Washing Machine,Whirlpool,4/28/2018,White
