ACCOUNT_ID,ACCOUNT_NAME,BILLINGCITY,BILLINGSTATE,BILLINGPOSTALCODE,BILLINGCOUNTRY,PHONE,WEBSITE,ACCOUNT_TYPE,INDUSTRY
1,Tyco,Princeton,AA,18540,USA,(512) 757-6000,www.tyco.com,,
2,Genworth,Richmond,VA,23230,USA,(512) 757-6000,www.genworth.com,,
3,Honeywell,Wichita,KS,67209,USA,(336) 222-7000,www.honeywell.com,,
4,PayPal Inc.,San Jose,CA,67399,USA,(312) 596-1000,www.paypalworld.com,,
5,CoxMedia,Macon,GA,31216,USA,(312) 596-1000,www.coxmedia.com,,
6,American Greetings,Brookfield,WI,53005,USA,(212) 842-5500,,,
7,Covad,Grand Rapids,MI,49503,USA,(212) 842-5500,www.covad.com,,
8,ChoicePoint,Pittsburgh,PA,15220,USA,(503) 421-7800,www.choicepoint.xyz,,
9,Daiwa,New York,NY,10005,USA,(503) 421-7800,ww.daiwa.com,,
10,IBM,Raleigh,NC,89004,USA,(520) 773-9050,www.ibm.com,,
11,eBay,San Jose,CA,98667,USA,(212) 842-5500,www.ebay.com,,
