BillingSystemId,Salutation,First_Name,Last_Name,Title,Mailing_street,Mailing_city,Mailing_state,Mailing_zip,Mailing_country,Phone,Mobile,Fax,Email,Account_Name
1001,Ms.,Jeanine,Smith,"SVP, Procurement",313 Constitution Place, Austin, TX,78767, USA,(512) 757-6000,(512) 757-9340,(512) 757-9000,rose@tyco.com,Tyco
1002,Mr.,Jack,Parsons,CFO,312 Constitution Place, Austin, TX,78767, USA,(512) 757-6000,(512) 757-4561,(512) 757-9000,sean@tyco.com,Tyco
1003,Mr.,Joe,Blackwell,"VP, Facilities",525 S. Lexington Ave,Burlington,NC,27215,USA,(336) 222-7000,,(336) 222-8000,jrogers@tyco.com,Tyco
1004,Mr.,David,Cohen,"SVP, Administration and Finance",2335 N. Michigan Avenue,Chicago,IL,60601, USA,(312) 596-1000,(312) 596-1230,(312) 596-1500,barr_tim@honeywell.com,Honeywell
1005,Mr.,James,Bond,"VP, Facilities","2334 N. Michigan Avenue, Suite 1500", Chicago, IL,60601, USA,(312) 596-1000,(312) 596-1563,(312) 596-1500,bond_john@honeywell.com,Honeywell
1006,Ms.,Ava,Marx,"SVP, Production",1303 Avenue of the Americas,New York, NY,10019, USA,(212) 842-5500,(212) 842-5501,(212) 842-5501,spavlova@honeywell.com,Honeywell
1007,Ms.,Jamie,Jones,"SVP, Technology",1304 Avenue of the Americas, New York, NY,10019, USA,(212) 842-5500,(212) 842-5611,(212) 842-5501,lboyle@honeywell.com,Honeywell
1008,Ms.,Samantha,Stevens,"SVP, Operations",620 SW 5th Avenue Suite 400, Portland, Oregon,97204, United States,(503) 421-7800,(503) 421-5451,(503) 421-7801,b.levy@Covad.net,Covad
1009,Mr.,Jacob,Dylan,"Director, Warehouse Mgmt",621 SW 5th Avenue Suite 400, Portland, Oregon ,97204,United States,(503) 421-7800,(503) 421-4387,(503) 421-7801,j.davis@Covad.net,Covad
1010,Ms.,Melissa,Pink,Dean of Administration,"888 N Euclid Hallis Center, Room 501", Tucson, AZ,85721, United States,(520) 773-9050,(520) 773-4539,(520) 773-9060,jane_gray@Covad.com,Covad
1011,Mr.,Stephen,Smythe,CEO,1301 Avenue of the Americas, New York, NY,10019, USA,(212) 842-5500,(212) 842-4535,(212) 842-5501,asong@Covad.com,Covad
1012,Ms.,Sandra,O'Connor,"VP, Finance","Kings Park, 17th Avenue, Team Valley Trading Estat",,,,,+44 191 4956203,+44 191 3456234,+44 191 4956620,ajames@Daiwa.com,Daiwa
1015,Ms.,Melanie,Griffin,"VP, Technology",345 Shoreline Park ,Mountain View, CA,94043, USA,(650) 867-3450,(650) 867-7686,(650) 867-9895,efrank@Daiwa.com,Daiwa
1022,Ms.,Katie,Grimm,"VP, Technology",345 Shoreline Park ,Mountain View, CA,94043, USA,(650) 867-3450,(650) 867-7686,(650) 867-9895,efrank@Daiwa.com,Daiwa
1069,Ms.,Teacher,Test,"VP, Technology",345 Shoreline Park ,Mountain View, CA,94043, USA,(650) 867-3450,(650) 867-7686,(650) 867-9895,teacher@Daiwa.com,Daiwa
1070,Ms.,Katie,Herstein,Trainer,100 Main Street,San Francisco, CA,94043, USA,(650) 867-3450,(650) 867-7686,(650) 867-9895,teacher@Daiwa.com,Honeywell
1071,Ms.,Beth,Forest,SFDC Technical Mgr,100 Main Street,San Francisco, CA,94043, USA,(650) 867-3450,(650) 867-7686,(650) 867-9895,teacher@Daiwa.com,Honeywell
