BillingSystemId,First_Name,Last_Name,Title,Mailing_street,Mailing_city,Mailing_state,Mailing_zip,Mailing_country,Phone,Mobile,email_ports,Account_Name,date_ports,Salary
1001,Lois,Walker,"SVP, Marketing",313 Constitution Place, Austin, TX,78767, USA,(512) 757-6000,303-572-8492,lois.walker@nhsupplies.com,NH D'needs,08/16/2016,10000
1002,Brenda,Robinson,"VP, Finance",312 Constitution Place, Austin, TX,78767, USA,(512) 757-6000,225-945-4954,brenda.robinson@nhsupplies.com,NH Mart,08/16/2017,15000
1003,Joe,Robinson,"Director, Inventory",525 S. Lexington Ave,Burlington,NC,27215,USA,(336) 222-7000,219-904-2161,joe.robinson@nhsupplies.com,NH Groceries,08/16/2016,
1004,Diane,Evans,Head of Marketing,2335 N. Michigan Avenue,Chicago,IL,60601, USA,(312) 596-1000,215-793-6791,diane.evans@nhsupplies.com,NH Lifestyle,07/29/2016,50000
1005,Benjamin,Russell,"VP, Logistics","2334 N. Michigan Avenue, Suite 1500", Chicago, IL,60601, USA,(312) 596-1000,262-404-2252,benjamin.russell@nhsupplies.com,NH Digital,08/16/2019,
1006,Patrick,Bailey,"SVP, Finance",1303 Avenue of the Americas,New York, NY,10019, USA,(212) 842-5500,319-812-6957,patrick.bailey@nhsupplies.com,NH Trends,29/07/2016,23000
1007,Nancy,Baker,"Director, Inventory",1304 Avenue of the Americas, New York, NY,10019, USA,(212) 842-5500,229-336-5117,nancy.baker@nhsupplies.com,NH Supplies,07/29/2016,23000
1008,Carol,Murphy,Marketing Coordinator,620 SW 5th Avenue Suite 400, Portland, Oregon,97204, USA,(503) 421-7800,216-336-0009,carol.murphy@nhsupplies.com,NH Everyday,08/16/2016,23000
1009,Frances,Young,"SVP, Logistics Operations ",621 SW 5th Avenue Suite 400, Portland, Oregon ,97204, USA,(503) 421-7800,210-819-9765,frances.young@nhsupplies.com,NH Digiworld,07/29/2019,23000
1010,Diana,Peterson,Finance Head,"888 N Euclid Hallis Center, Room 501", Tucson, AZ,85721, USA,(520) 773-9050,479-783-5656,diana.peterson@nhsupplies.com,NH Supplies,08/16/2016,23000
1011,Ralph,Flores,"Director, Sales",1301 Avenue of the Americas, New York, NY,10019, USA,(212) 842-5500,316-280-2864,ralph.flores@nhsupplies.com,NH D'needs,07/29/2016,23000
1012,Jack,Alexander,Sales Coordinator,"Kings Park, 17th Avenue, Team Valley Trading Estat",Tuscon,AZ,85721,USA,+44 191 4956203,702-603-3769,jack.alexander@nhsupplies.com,NH Mart,08/16/2016,
1015,Melissa,King,"VP, Logistics",345 Shoreline Park ,Mountain View, CA,94043, USA,(650) 867-3450,216-605-3731,melissa.king@nhsupplies.com,NH Groceries,08/16/2016,
1022,Wayne,Watson,"VP, Finance",345 Shoreline Park ,Mountain View, CA,94043, USA,(650) 867-3450,701-231-9370,wayne.watson@nhsupplies.com,NH Lifestyle,2016/19/08,23000
1069,Cheryl,Scott,"VP, Inventory",345 Shoreline Park ,Mountain View, CA,94043, USA,(650) 867-3450,215-288-9345,cheryl.scott@nhsupplies.com,NH Digital,07/29/2016,23000
