Emp_ID,Full Name,Email,Department,Phone
677509,Lois Walker,lois.walker@logistics.com,Marketing,303-572-8492
940761,Brenda Robinson,brenda.robinson@logistics.com,Finance,225-945-4954
428945,Joe Robinson,joe.robinson@logistics.com,Inventory,219-904-2161
408351,Diane Evans,diane.evans@logistics.com,Marketing,215-793-6791
193819,Benjamin Russell,benjamin.russell@logistics.com,Logistics,262-404-2252
499687,Patrick Bailey,patrick.bailey@logistics.com,Finance,319-812-6957
539712,Nancy Baker,nancy.baker@logistics.com,Inventory,229-336-5117
380086,Carol Murphy,carol.murphy@logistics.com,Marketing,216-336-0009
477616,Frances Young,frances.young@logistics.com,Logistics,210-819-9765
