Product_Id,Product,Brand,Quality_Check
1940,Laptop,Asus,1
5119,LCD TV,Sony,1
1992,Oven,Whirlpool,1
1137,Keyboard,Logitech,1
6284,Refrigerator,Godrej,0
2709,Laptop,Acer,1
7524,Refrigerator,Whirlpool,0
2412,LED TV,LG,1
4628,Camera,Panasonic,1
5905,Laptop,Lenovo,1
8173,Printers,HP,1
3900,Plasma TV,Panasonic,1
4184,Washing Machine,Haier,0
7091,Laptop,Apple,0
9342,Refrigerator,Samsung,1
1850,Washing Machine,LG,1
4929,Laptop,Dell,1
9521,Printers,Canon,0
2383,Stabilizer,VGuard,1
3880,Keyboard,HP,1
6716,Washing Machine,Godrej,1
4348,Stabilizer,Microtek,1
8935,Printers,Epson,1
9177,Washing Machine,IFB,1
2159,Refrigerator,Bosch,0
5301,Stabilizer,Monitor,1
3955,Washing Machine,Samsung,1
4090,Keyboard,Intex,1
